,Symbol,Company Name,Market Cap,% Change,Volume,Revenue
0,AMZN,"Amazon.com, Inc.","1,811.77B",-2.42%,70180147,574.79B
1,TSLA,"Tesla, Inc.",520.94B,0.66%,96480026,96.77B
2,HD,"The Home Depot, Inc.",369.88B,-0.54%,2934473,152.67B
3,TM,Toyota Motor Corporation,316.98B,1.58%,178702,308.27B
4,MCD,McDonald's Corporation,201.55B,-0.92%,3414586,25.49B
5,BABA,Alibaba Group Holding Limited,183.81B,0.03%,9180193,130.82B
6,PDD,PDD Holdings Inc.,164.40B,0.44%,9471223,27.31B
7,NKE,"NIKE, Inc.",150.98B,-0.62%,8501261,51.54B
8,LOW,"Lowe's Companies, Inc.",140.48B,0.04%,5679324,86.38B
9,BKNG,Booking Holdings Inc.,116.66B,-2.78%,769645,21.37B
10,TJX,"The TJX Companies, Inc.",111.18B,-1.10%,4079858,54.22B
11,ABNB,"Airbnb, Inc.",102.47B,-3.48%,7003277,9.92B
12,SBUX,Starbucks Corporation,102.04B,-1.68%,18025458,36.69B
13,STLA,Stellantis N.V.,85.95B,3.64%,6384761,210.60B
14,RACE,Ferrari N.V.,76.48B,0.99%,194147,6.63B
15,MELI,"MercadoLibre, Inc.",76.02B,-3.96%,610553,14.47B
16,CMG,"Chipotle Mexican Grill, Inc.",75.58B,0.29%,175610,9.87B
17,MAR,"Marriott International, Inc.",70.65B,-1.58%,3686125,23.71B
18,ORLY,"O'Reilly Automotive, Inc.",65.72B,-0.33%,531504,15.81B
19,LULU,Lululemon Athletica Inc.,58.67B,-1.08%,1673008,9.19B
20,HMC,"Honda Motor Co., Ltd.",58.29B,2.33%,1106749,136.70B
21,AZO,"AutoZone, Inc.",54.09B,0.17%,156752,17.83B
22,CPRT,"Copart, Inc.",53.97B,-0.51%,10382323,4.06B
23,HLT,Hilton Worldwide Holdings Inc.,51.61B,-1.09%,1656328,10.24B
24,DHI,"D.R. Horton, Inc.",50.33B,0.91%,2529363,35.93B
25,ROST,"Ross Stores, Inc.",48.86B,-0.62%,4011630,20.38B
26,F,Ford Motor Company,47.92B,-0.17%,88149044,176.19B
27,GM,General Motors Company,46.97B,3.33%,21134951,171.84B
28,LEN,Lennar Corporation,43.15B,2.43%,3278473,35.06B
29,JD,"JD.com, Inc.",43.07B,1.48%,17519173,152.98B
30,YUM,"Yum! Brands, Inc.",38.50B,-0.23%,4151419,7.08B
31,LVS,Las Vegas Sands Corp.,38.46B,-2.54%,4239866,10.37B
32,FLUT,Flutter Entertainment plc,38.09B,-3.06%,121483,9.28B
33,LI,Li Auto Inc.,37.85B,2.66%,5131738,17.47B
34,QSR,Restaurant Brands International Inc.,35.31B,-3.10%,1272315,7.02B
35,RCL,Royal Caribbean Cruises Ltd.,33.09B,0.16%,2944262,13.90B
36,SE,Sea Limited,33.06B,-4.31%,5432362,13.06B
37,CPNG,"Coupang, Inc.",32.51B,-2.05%,12545905,24.38B
38,TCOM,Trip.com Group Limited,28.42B,-1.03%,2473318,6.28B
39,TSCO,Tractor Supply Company,27.75B,1.29%,1455695,14.56B
40,EBAY,eBay Inc.,27.04B,-0.10%,11454853,10.11B
41,ULTA,"Ulta Beauty, Inc.",26.03B,-5.21%,2878385,11.21B
42,NVR,"NVR, Inc.",24.17B,0.08%,35661,9.31B
43,PHM,"PulteGroup, Inc.",23.52B,1.08%,1675791,16.06B
44,DECK,Deckers Outdoor Corporation,23.35B,-2.49%,473747,4.12B
45,ROL,"Rollins, Inc.",22.46B,0.89%,2253866,3.07B
46,MBLY,Mobileye Global Inc.,22.29B,-2.53%,4889356,2.08B
47,GPC,Genuine Parts Company,21.42B,1.18%,870918,23.09B
48,CCL,Carnival Corporation & plc,21.24B,0.37%,17708475,21.59B
49,APTV,Aptiv PLC,21.06B,1.36%,1989490,20.05B
50,DRI,"Darden Restaurants, Inc.",20.53B,0.11%,1224127,11.01B
51,BALL,Ball Corporation,20.17B,-0.91%,3439069,14.03B
52,DKNG,DraftKings Inc.,19.29B,-0.78%,8624302,3.67B
53,WSM,"Williams-Sonoma, Inc.",18.20B,-0.66%,1266089,7.75B
54,EXPE,"Expedia Group, Inc.",18.19B,-1.67%,3508236,12.84B
55,DKS,"DICK'S Sporting Goods, Inc.",17.29B,-2.46%,2693948,12.98B
56,IHG,InterContinental Hotels Group PLC,17.20B,-0.90%,260691,4.62B
57,BBY,"Best Buy Co., Inc.",16.81B,0.72%,7845352,43.45B
58,YUMC,"Yum China Holdings, Inc.",16.49B,-0.64%,4271267,10.98B
59,PKG,Packaging Corporation of America,16.39B,-0.05%,531596,7.80B
60,H,Hyatt Hotels Corporation,15.81B,-1.62%,564172,6.67B
61,DPZ,"Domino's Pizza, Inc.",15.36B,-0.55%,334208,4.48B
62,MGA,Magna International Inc.,15.07B,0.90%,830283,42.80B
63,CVNA,Carvana Co.,14.13B,3.78%,5880464,10.77B
64,BURL,"Burlington Stores, Inc.",14.07B,-0.20%,471794,9.73B
65,LKQ,LKQ Corporation,13.73B,0.25%,2902238,13.87B
66,MGM,MGM Resorts International,13.71B,0.26%,3605099,16.16B
67,AMCR,Amcor plc,13.70B,0.53%,9205890,14.03B
68,FND,"Floor & Decor Holdings, Inc.",12.89B,-0.56%,1009198,4.41B
69,KMX,"CarMax, Inc.",12.75B,-0.25%,1127344,26.63B
70,IP,International Paper Company,12.59B,0.44%,4939155,18.92B
71,VFS,VinFast Auto Ltd.,12.57B,2.66%,1815377,1.16B
72,TOL,"Toll Brothers, Inc.",12.53B,1.79%,1441500,10.16B
73,WRK,WestRock Company,12.49B,1.40%,2268041,20.01B
74,HTHT,H World Group Limited,12.46B,1.06%,3218248,2.75B
75,NIO,NIO Inc.,11.74B,-,33467876,7.84B
76,RL,Ralph Lauren Corporation,11.61B,-0.36%,797874,6.60B
77,CASY,"Casey's General Stores, Inc.",11.31B,2.66%,624979,14.59B
78,FIVE,"Five Below, Inc.",11.13B,0.01%,895575,3.34B
79,WYNN,"Wynn Resorts, Limited",11.11B,-1.89%,4228216,6.53B
80,RIVN,"Rivian Automotive, Inc.",10.79B,3.27%,48057724,4.43B
81,TPR,"Tapestry, Inc.",10.74B,-1.08%,10333237,6.73B
82,ONON,On Holding AG,10.59B,1.68%,4023640,2.13B
83,SCI,Service Corporation International,10.58B,-0.34%,826817,4.10B
84,BBWI,"Bath & Body Works, Inc.",10.31B,-0.59%,1916527,7.43B
85,PAG,"Penske Automotive Group, Inc.",10.27B,1.03%,139370,29.53B
86,WING,Wingstop Inc.,10.20B,-0.73%,761553,460.06M
87,TXRH,"Texas Roadhouse, Inc.",10.18B,-0.44%,821488,4.63B
88,ALV,"Autoliv, Inc.",9.92B,-1.12%,395712,10.48B
89,CCK,"Crown Holdings, Inc.",9.39B,0.60%,1118010,12.01B
90,VIPS,Vipshop Holdings Limited,9.34B,-0.29%,2336885,15.92B
91,SKX,"Skechers U.S.A., Inc.",9.34B,-0.83%,1106309,8.00B
92,TPX,"Tempur Sealy International, Inc.",9.20B,-2.68%,2244190,4.93B
93,XPEV,XPeng Inc.,9.12B,2.66%,8529300,3.13B
94,LNW,"Light & Wonder, Inc.",9.04B,-0.79%,990775,2.90B
95,BIRK,Birkenstock Holding plc,8.99B,1.42%,297618,1.68B
96,MUSA,Murphy USA Inc.,8.78B,2.07%,157955,21.53B
97,GPS,"The Gap, Inc.",8.75B,2.57%,15056404,14.83B
98,CHDN,Churchill Downs Incorporated,8.65B,1.38%,960514,2.46B
99,CZR,"Caesars Entertainment, Inc.",8.47B,-1.88%,5442157,11.53B
100,GPK,Graphic Packaging Holding Company,8.46B,-0.54%,2573940,9.43B
101,MTN,"Vail Resorts, Inc.",8.31B,-0.95%,519516,2.84B
102,GNTX,Gentex Corporation,8.27B,-0.61%,2125448,2.30B
103,NCLH,Norwegian Cruise Line Holdings Ltd.,8.26B,0.36%,6604269,8.55B
104,AS,"Amer Sports, Inc.",8.13B,-,461434,4.37B
105,SN,"SharkNinja, Inc.",8.07B,0.73%,518229,4.25B
106,LEA,Lear Corporation,8.00B,0.06%,541183,23.47B
107,ETSY,"Etsy, Inc.",7.85B,-1.72%,6711699,2.75B
108,PVH,PVH Corp.,7.81B,-0.27%,903920,9.22B
109,LAD,"Lithia Motors, Inc.",7.76B,-0.20%,165088,31.04B
110,CROX,"Crocs, Inc.",7.75B,1.73%,1485886,3.96B
111,MHK,"Mohawk Industries, Inc.",7.51B,0.75%,477625,11.14B
112,CHWY,"Chewy, Inc.",7.50B,0.87%,5375390,11.01B
113,HAS,"Hasbro, Inc.",7.40B,0.64%,3372874,5.00B
114,BWA,BorgWarner Inc.,7.38B,0.28%,2791857,14.20B
115,W,Wayfair Inc.,7.34B,-2.60%,2346291,12.00B
116,CAVA,"CAVA Group, Inc.",7.31B,0.72%,1490012,728.70M
117,LEVI,Levi Strauss & Co.,7.24B,-0.71%,837741,6.18B
118,BROS,Dutch Bros Inc.,7.19B,0.47%,936345,965.78M
119,MMYT,MakeMyTrip Limited,6.98B,0.27%,1091973,728.16M
120,DDS,"Dillard's, Inc.",6.93B,-2.59%,102440,6.87B
121,BERY,"Berry Global Group, Inc.",6.92B,-0.42%,1996109,12.46B
122,MAT,"Mattel, Inc.",6.77B,-0.52%,9821235,5.44B
123,ALSN,"Allison Transmission Holdings, Inc.",6.74B,0.37%,363300,3.04B
124,AN,"AutoNation, Inc.",6.63B,2.49%,1150048,26.95B
125,BFAM,Bright Horizons Family Solutions Inc.,6.58B,-0.98%,196371,2.42B
126,HRB,"H&R Block, Inc.",6.52B,0.26%,910248,3.49B
127,CART,Maplebear Inc.,6.47B,0.17%,4485394,3.04B
128,CHH,"Choice Hotels International, Inc.",6.39B,1.62%,683965,1.54B
129,ANF,Abercrombie & Fitch Co.,6.36B,0.42%,1836213,4.28B
130,WH,"Wyndham Hotels & Resorts, Inc.",6.35B,0.24%,1494997,1.40B
131,LCID,"Lucid Group, Inc.",6.21B,2.66%,22239148,595.27M
132,MNSO,MINISO Group Holding Limited,6.20B,-,3539630,1.95B
133,REYN,Reynolds Consumer Products Inc.,6.06B,1.12%,3834377,3.76B
134,TMHC,Taylor Morrison Home Corporation,6.01B,-0.56%,900145,7.42B
135,BC,Brunswick Corporation,5.96B,2.80%,1278320,6.40B
136,BYD,Boyd Gaming Corporation,5.93B,-0.21%,952628,3.74B
137,M,"Macy's, Inc.",5.81B,-1.44%,11668484,23.87B
138,GIL,Gildan Activewear Inc.,5.77B,-0.84%,354988,3.20B
139,VFC,V.F. Corporation,5.75B,1.23%,8844706,10.82B
140,WHR,Whirlpool Corporation,5.73B,-0.53%,1401276,19.46B
141,MTH,Meritage Homes Corporation,5.69B,1.84%,2157661,6.14B
142,RRR,"Red Rock Resorts, Inc.",5.62B,-1.27%,678585,1.72B
143,HOG,"Harley-Davidson, Inc.",5.60B,1.21%,2262689,5.84B
144,SON,Sonoco Products Company,5.59B,0.23%,300725,6.78B
145,THO,"Thor Industries, Inc.",5.54B,2.86%,689464,10.38B
146,GLBE,Global-e Online Ltd.,5.47B,-3.07%,1545751,569.95M
147,CPRI,Capri Holdings Limited,5.46B,-0.23%,1171760,5.28B
148,PLNT,"Planet Fitness, Inc.",5.34B,-0.53%,992070,1.07B
149,RH,RH,5.30B,-0.37%,267779,3.06B
150,ASO,"Academy Sports and Outdoors, Inc.",5.28B,-0.13%,1804966,6.11B
151,SEE,Sealed Air Corporation,5.22B,0.42%,803233,5.49B
152,PII,Polaris Inc.,5.19B,1.35%,983959,8.93B
153,KBH,KB Home,5.14B,1.51%,1174358,6.41B
154,AAP,"Advance Auto Parts, Inc.",4.87B,2.82%,2059870,11.29B
155,LOT,Lotus Technology Inc.,4.86B,1.98%,38826,139.59M
156,COLM,Columbia Sportswear Company,4.77B,0.26%,1843686,3.49B
157,SLGN,Silgan Holdings Inc.,4.74B,0.27%,459685,5.99B
158,HGV,Hilton Grand Vacations Inc.,4.72B,1.78%,1043598,3.98B
159,MDC,"M.D.C. Holdings, Inc.",4.70B,-0.19%,1748401,4.64B
160,SKY,Skyline Champion Corporation,4.68B,1.22%,320283,1.98B
161,MOD,Modine Manufacturing Company,4.62B,4.53%,1210356,2.42B
162,DOOO,BRP Inc.,4.62B,-1.76%,91322,7.85B
163,AEO,"American Eagle Outfitters, Inc.",4.57B,0.35%,4474937,5.26B
164,SIG,Signet Jewelers Limited,4.43B,2.06%,548048,7.34B
165,SHAK,Shake Shack Inc.,4.39B,-0.01%,602536,1.09B
166,GME,GameStop Corp.,4.35B,-2.67%,2722081,5.71B
167,ABG,"Asbury Automotive Group, Inc.",4.28B,2.59%,172593,14.80B
168,IGT,International Game Technology PLC,4.12B,-1.01%,2723572,4.79B
169,URBN,"Urban Outfitters, Inc.",3.98B,1.25%,2016630,5.05B
170,GOLF,Acushnet Holdings Corp.,3.94B,-0.03%,290831,2.38B
171,RUSHA,"Rush Enterprises, Inc.",3.86B,1.90%,1100986,7.93B
172,RUSHB,"Rush Enterprises, Inc.",3.86B,2.57%,40932,7.93B
173,TRIP,"Tripadvisor, Inc.",3.77B,1.67%,3896995,1.79B
174,WEN,The Wendy's Company,3.77B,0.44%,5149876,2.18B
175,ZGN,Ermenegildo Zegna N.V.,3.69B,-0.34%,555710,1.83B
176,GPI,"Group 1 Automotive, Inc.",3.65B,1.35%,94145,17.87B
177,GT,The Goodyear Tire & Rubber Company,3.52B,-,3314160,20.07B
178,VAC,Marriott Vacations Worldwide Corporation,3.47B,0.89%,491310,4.73B
179,MHO,"M/I Homes, Inc.",3.40B,-0.35%,280836,4.03B
180,DFH,"Dream Finders Homes, Inc.",3.31B,-5.81%,701136,3.75B
181,PSNY,Polestar Automotive Holding UK PLC,3.29B,4.49%,1942731,2.83B
182,KTB,"Kontoor Brands, Inc.",3.29B,-0.66%,1226185,2.61B
183,PRKS,United Parks & Resorts Inc.,3.28B,1.40%,727437,1.73B
184,TPH,"Tri Pointe Homes, Inc.",3.28B,1.81%,3409931,3.72B
185,TNL,Travel + Leisure Co.,3.23B,1.63%,465493,3.75B
186,YETI,"YETI Holdings, Inc.",3.22B,-0.30%,1014579,1.66B
187,MLCO,Melco Resorts & Entertainment Limited,3.15B,-1.37%,1911720,3.78B
188,CVCO,"Cavco Industries, Inc.",3.15B,3.09%,180029,1.85B
189,CRI,"Carter's, Inc.",3.14B,1.20%,2204508,2.95B
190,VC,Visteon Corporation,3.10B,-0.54%,401619,3.95B
191,SHOO,"Steven Madden, Ltd.",3.08B,0.02%,4625570,1.98B
192,UA,"Under Armour, Inc.",3.07B,-0.57%,6125660,5.77B
193,UAA,"Under Armour, Inc.",3.07B,-1.11%,10022858,5.77B
194,GEF.B,"Greif, Inc.",3.03B,1.48%,15449,5.15B
195,GEF,"Greif, Inc.",3.03B,0.97%,350960,5.15B
196,SVV,"Savers Value Village, Inc.",2.99B,-1.87%,854914,1.50B
197,ADNT,Adient plc,2.97B,0.18%,1205919,15.36B
198,ACVA,ACV Auctions Inc.,2.90B,1.90%,1257631,481.23M
199,AIN,Albany International Corp.,2.88B,0.77%,155100,1.15B
200,QS,QuantumScape Corporation,2.82B,1.97%,3565279,-
201,DORM,"Dorman Products, Inc.",2.81B,-0.01%,220829,1.93B
202,JWN,"Nordstrom, Inc.",2.81B,-1.76%,3610631,14.59B
203,VSTS,Vestis Corporation,2.80B,-1.98%,3400228,-
204,CCS,"Century Communities, Inc.",2.80B,1.71%,1043527,3.69B
205,LCII,LCI Industries,2.78B,2.79%,333771,3.78B
206,LTH,"Life Time Group Holdings, Inc.",2.78B,-1.60%,628676,2.22B
207,KSS,Kohl's Corporation,2.75B,-1.27%,4349729,17.54B
208,PENN,"PENN Entertainment, Inc.",2.69B,-2.86%,5836502,6.36B
209,ATAT,Atour Lifestyle Holdings Limited,2.67B,-0.15%,2472425,520.90M
210,ZKH,ZKH Group Limited,2.63B,-0.85%,45489,1.16B
211,BOOT,"Boot Barn Holdings, Inc.",2.63B,0.17%,498215,1.70B
212,MODG,Topgolf Callaway Brands Corp.,2.55B,3.81%,2401944,4.28B
213,PATK,"Patrick Industries, Inc.",2.52B,2.10%,746854,3.47B
214,LGIH,"LGI Homes, Inc.",2.52B,-1.23%,384539,2.36B
215,SG,"Sweetgreen, Inc.",2.51B,2.69%,1865619,584.04M
216,LEG,"Leggett & Platt, Incorporated",2.49B,0.43%,1815317,4.73B
217,BLMN,"Bloomin' Brands, Inc.",2.46B,-0.70%,1363384,4.67B
218,GRBK,"Green Brick Partners, Inc.",2.46B,1.19%,386901,1.78B
219,FTDR,"Frontdoor, Inc.",2.40B,0.79%,1202360,1.78B
220,OI,"O-I Glass, Inc.",2.39B,2.03%,1488476,7.11B
221,ARCO,Arcos Dorados Holdings Inc.,2.39B,-3.81%,1402733,4.33B
222,DRVN,Driven Brands Holdings Inc.,2.39B,1.89%,1041979,2.30B
223,PTVE,Pactiv Evergreen Inc.,2.34B,0.15%,461838,5.51B
224,MCW,"Mister Car Wash, Inc.",2.32B,3.52%,1018315,927.07M
225,MBC,"MasterBrand, Inc.",2.28B,1.01%,2814215,2.73B
226,PZZA,"Papa John's International, Inc.",2.28B,0.81%,720796,2.14B
227,GTX,Garrett Motion Inc.,2.26B,-1.86%,1048168,3.89B
228,MLKN,"MillerKnoll, Inc.",2.22B,1.60%,4412646,3.81B
229,FUN,"Cedar Fair, L.P.",2.19B,0.28%,161593,1.80B
230,SIX,Six Flags Entertainment Corporation,2.17B,0.39%,1039950,1.43B
231,ARHS,"Arhaus, Inc.",2.14B,-2.80%,1666795,1.29B
232,EAT,"Brinker International, Inc.",2.12B,0.86%,1160195,4.25B
233,FL,"Foot Locker, Inc.",2.12B,-1.88%,4281568,8.13B
234,AMBP,Ardagh Metal Packaging S.A.,2.07B,3.89%,790393,4.81B
235,HBI,Hanesbrands Inc.,2.00B,6.77%,78756942,5.64B
236,FOXF,Fox Factory Holding Corp.,1.96B,-1.02%,696657,1.46B
237,BKE,"The Buckle, Inc.",1.96B,3.11%,663937,1.28B
238,WGO,"Winnebago Industries, Inc.",1.90B,3.16%,1510959,3.30B
239,ODP,The ODP Corporation,1.87B,1.59%,1108059,7.83B
240,VSTO,Vista Outdoor Inc.,1.86B,0.22%,632112,2.79B
241,CAKE,The Cheesecake Factory Incorporated,1.83B,-0.56%,810846,3.44B
242,SAH,"Sonic Automotive, Inc.",1.79B,1.85%,340851,14.37B
243,EYE,"National Vision Holdings, Inc.",1.79B,0.18%,1116653,2.13B
244,KAR,Openlane Inc.,1.73B,2.37%,607916,1.65B
245,THRM,Gentherm Incorporated,1.71B,0.43%,272397,1.47B
246,SGHC,Super Group (SGHC) Limited,1.71B,1.18%,430158,1.49B
247,PHIN,PHINIA Inc.,1.70B,-1.47%,1791774,3.50B
248,DAN,Dana Incorporated,1.68B,0.61%,1146840,10.56B
249,OXM,"Oxford Industries, Inc.",1.66B,1.22%,236153,1.55B
250,CNNE,"Cannae Holdings, Inc.",1.59B,0.14%,466068,570.00M
251,PTON,"Peloton Interactive, Inc.",1.58B,-0.69%,10405074,2.73B
252,LZB,La-Z-Boy Incorporated,1.56B,1.33%,731633,2.05B
253,BYON,"Beyond, Inc.",1.54B,-2.05%,884437,1.56B
254,AMWD,American Woodmark Corporation,1.50B,1.65%,350310,1.88B
255,CBRL,"Cracker Barrel Old Country Store, Inc.",1.49B,-0.43%,673807,3.43B
256,RVLV,"Revolve Group, Inc.",1.49B,0.77%,794711,1.07B
257,FWRG,"First Watch Restaurant Group, Inc.",1.47B,1.36%,742754,891.55M
258,JACK,Jack in the Box Inc.,1.43B,-1.36%,680114,1.65B
259,VSCO,Victoria's Secret & Co.,1.42B,-3.22%,3321165,6.12B
260,CAL,"Caleres, Inc.",1.38B,1.72%,513330,2.82B
261,GES,"Guess', Inc.",1.35B,-1.18%,493951,2.70B
262,MCRI,"Monarch Casino & Resort, Inc.",1.34B,-0.63%,669848,501.48M
263,XPEL,"XPEL, Inc.",1.34B,0.23%,277246,396.29M
264,LVWR,"LiveWire Group, Inc.",1.34B,-7.88%,65730,38.02M
265,LESL,"Leslie's, Inc.",1.34B,5.99%,4277325,1.43B
266,RSI,"Rush Street Interactive, Inc.",1.29B,-0.34%,870577,691.16M
267,OSW,OneSpaWorld Holdings Limited,1.29B,-0.08%,706548,794.05M
268,PLYA,Playa Hotels & Resorts N.V.,1.29B,-1.16%,1081827,977.50M
269,NWTN,NWTN Inc.,1.26B,-10.86%,47863,583.00K
270,MSC,Studio City International Holdings Limited,1.25B,-,2003,445.54M
271,SBH,"Sally Beauty Holdings, Inc.",1.24B,0.08%,1495969,3.70B
272,OLPX,"Olaplex Holdings, Inc.",1.24B,10.59%,8301698,458.30M
273,GOOS,Canada Goose Holdings Inc.,1.22B,-1.27%,1480083,954.14M
274,WINA,Winmark Corporation,1.22B,-1.60%,27787,83.24M
275,GIII,"G-III Apparel Group, Ltd.",1.20B,-1.80%,2882011,3.19B
276,CWH,"Camping World Holdings, Inc.",1.17B,1.25%,992386,6.23B
277,EXTO,Almacenes Éxito S.A.,1.13B,-,81406,5.45B
278,KRUS,"Kura Sushi USA, Inc.",1.12B,1.52%,70491,199.59M
279,CARS,Cars.com Inc.,1.09B,-2.13%,1312482,689.18M
280,BLBD,Blue Bird Corporation,1.02B,-0.75%,551273,1.21B
281,TRS,TriMas Corporation,1.02B,1.38%,238251,893.55M
282,GDEN,"Golden Entertainment, Inc.",977.05M,0.80%,306586,1.05B
283,NGMS,NeoGames S.A.,971.96M,0.35%,21594,191.54M
284,SHCO,Soho House & Co Inc.,969.23M,-13.57%,511089,1.12B
285,ACEL,"Accel Entertainment, Inc.",950.33M,0.53%,328009,1.17B
286,BZH,"Beazer Homes USA, Inc.",933.41M,-0.50%,255062,2.15B
287,SCVL,"Shoe Carnival, Inc.",884.22M,1.81%,392214,1.19B
288,TILE,"Interface, Inc.",881.16M,1.20%,1299961,1.26B
289,MNRO,"Monro, Inc.",877.33M,3.20%,1513292,1.28B
290,FIGS,"FIGS, Inc.",854.65M,1.21%,3924913,545.65M
291,HOV,"Hovnanian Enterprises, Inc.",837.05M,-3.82%,76852,2.83B
292,ETD,Ethan Allen Interiors Inc.,828.03M,0.40%,251664,704.86M
293,BJRI,"BJ's Restaurants, Inc.",819.48M,0.06%,494815,1.33B
294,WWW,"Wolverine World Wide, Inc.",809.42M,1.40%,2069828,2.24B
295,HIBB,"Hibbett, Inc.",806.49M,-6.19%,1321175,1.72B
296,MBUU,"Malibu Boats, Inc.",803.75M,2.88%,413493,1.21B
297,PTLO,Portillo's Inc.,790.97M,0.94%,807037,679.91M
298,AXL,"American Axle & Manufacturing Holdings, Inc.",771.49M,0.76%,16138836,6.08B
299,MYE,"Myers Industries, Inc.",768.33M,-0.14%,726098,813.07M
300,EVRI,Everi Holdings Inc.,763.22M,2.47%,1508493,807.82M
301,EVGO,"EVgo, Inc.",753.79M,1.21%,2397630,160.95M
302,SABR,Sabre Corporation,751.37M,4.21%,8969350,2.91B
303,DESP,"Despegar.com, Corp.",747.76M,14.46%,2145568,706.04M
304,XPOF,"Xponential Fitness, Inc.",725.16M,2.48%,473485,318.66M
305,DIN,"Dine Brands Global, Inc.",724.51M,0.11%,310556,831.07M
306,LAZR,"Luminar Technologies, Inc.",717.21M,-3.68%,22008773,69.78M
307,BWMX,"Betterware de México, S.A.P.I. de C.V.",709.01M,3.04%,69827,767.35M
308,CHPT,"ChargePoint Holdings, Inc.",707.28M,-0.59%,28282987,543.63M
309,JMIA,Jumia Technologies AG,694.25M,1.47%,2817019,207.11M
310,SMP,"Standard Motor Products, Inc.",685.62M,1.39%,268328,1.36B
311,HZO,"MarineMax, Inc.",678.35M,2.49%,325419,2.41B
312,ARKO,Arko Corp.,665.99M,-0.36%,803843,9.41B
313,DADA,Dada Nexus Limited,665.51M,2.01%,2554573,1.50B
314,FLWS,"1-800-FLOWERS.COM, Inc.",659.81M,0.79%,251592,1.91B
315,ECX,"ECARX Holdings, Inc.",651.17M,3.13%,55440,4.67B
316,DBI,Designer Brands Inc.,625.43M,2.04%,1547668,3.08B
317,PACK,Ranpak Holdings Corp.,620.49M,2.18%,1508896,336.30M
318,LEGH,Legacy Housing Corporation,614.43M,0.72%,138568,189.14M
319,BALY,Bally's Corporation,607.69M,-1.04%,406925,2.45B
320,SDA,SunCar Technology Group Inc.,607.02M,1.77%,323051,317.06M
321,BH,Biglari Holdings Inc.,603.59M,6.85%,8115,365.32M
322,MOV,"Movado Group, Inc.",588.65M,2.34%,482075,687.25M
323,CHUY,"Chuy's Holdings, Inc.",585.23M,1.05%,280230,461.31M
324,HSAI,Hesai Group,582.48M,5.69%,897268,264.74M
325,WOOF,"Petco Health and Wellness Company, Inc.",567.57M,2.43%,6758469,6.16B
326,LQDT,"Liquidity Services, Inc.",548.95M,1.65%,241750,313.51M
327,MLR,"Miller Industries, Inc.",544.35M,0.76%,71028,1.15B
328,TAST,"Carrols Restaurant Group, Inc.",544.01M,-,765093,1.88B
329,PLOW,"Douglas Dynamics, Inc.",529.55M,1.16%,476163,568.18M
330,HEPS,D-Market Elektronik Hizmetler ve Ticaret A.S.,528.12M,1.25%,132037,907.59M
331,SES,SES AI Corporation,525.35M,2.70%,509669,-
332,KRT,Karat Packaging Inc.,517.71M,-10.31%,207289,405.65M
333,RICK,"RCI Hospitality Holdings, Inc.",509.82M,0.31%,70808,297.73M
334,HVT,"Haverty Furniture Companies, Inc.",509.51M,1.48%,208427,862.13M
335,HVT.A,"Haverty Furniture Companies, Inc.",509.51M,-0.61%,4,862.13M
336,QRTEA,"Qurate Retail, Inc.",494.19M,-0.84%,8227430,10.92B
337,HLLY,Holley Inc.,484.95M,-2.14%,448016,659.70M
338,QRTEB,"Qurate Retail, Inc.",480.94M,-6.90%,9177,10.92B
339,DENN,Denny's Corporation,466.10M,-0.11%,558469,463.92M
340,SRI,"Stoneridge, Inc.",461.52M,0.30%,203168,975.82M
341,JOUT,Johnson Outdoors Inc.,449.71M,1.82%,89631,624.15M
342,LIND,"Lindblad Expeditions Holdings, Inc.",444.53M,-1.19%,388515,569.54M
343,BBW,"Build-A-Bear Workshop, Inc.",428.60M,3.24%,685169,481.95M
344,NEGG,"Newegg Commerce, Inc.",414.34M,-2.68%,217350,-
345,HNST,"The Honest Company, Inc.",412.34M,-5.49%,1108111,344.37M
346,CRMT,"America's Car-Mart, Inc.",399.44M,3.11%,1091397,1.42B
347,MED,"Medifast, Inc.",398.89M,5.90%,566748,1.07B
348,ONEW,OneWater Marine Inc.,397.12M,3.37%,222873,1.93B
349,CSV,"Carriage Services, Inc.",387.32M,0.83%,94947,382.52M
350,RERE,ATRenew Inc.,378.79M,-,1259183,1.83B
351,MCFT,"MasterCraft Boat Holdings, Inc.",370.14M,4.27%,161771,537.04M
352,CURV,Torrid Holdings Inc.,366.44M,-8.33%,74147,1.19B
353,MPX,Marine Products Corporation,363.82M,1.06%,51859,383.73M
354,LOVE,The Lovesac Company,350.36M,0.44%,187272,688.24M
355,PBPB,Potbelly Corporation,338.95M,2.23%,399245,491.41M
356,FNKO,"Funko, Inc.",338.58M,4.42%,510930,1.10B
357,UHG,"United Homes Group, Inc.",335.59M,1.76%,20655,421.47M
358,AGS,"PlayAGS, Inc.",333.78M,-2.07%,193684,356.54M
359,REAL,"The RealReal, Inc.",330.83M,0.96%,1912886,549.30M
360,GAMB,Gambling.com Group Limited,327.39M,1.40%,134000,97.47M
361,GHG,GreenTree Hospitality Group Ltd.,321.86M,1.61%,1641,-
362,MYTE,MYT Netherlands Parent B.V.,319.19M,-1.31%,88572,874.94M
363,CDRO,"Codere Online Luxembourg, S.A.",315.73M,-0.43%,38941,152.88M
364,GGR,Gogoro Inc.,315.27M,10.85%,489188,349.85M
365,SNBR,Sleep Number Corporation,300.89M,-7.65%,900095,1.89B
366,HYLN,Hyliion Holdings Corp.,296.80M,-1.22%,1467595,672.00K
367,HBB,Hamilton Beach Brands Holding Company,292.32M,0.10%,60184,625.63M
368,TTSH,"Tile Shop Holdings, Inc.",290.66M,0.31%,223457,377.15M
369,GCO,Genesco Inc.,286.42M,1.55%,111914,2.31B
370,COOK,"Traeger, Inc.",282.75M,-7.53%,406514,605.88M
371,WEYS,"Weyco Group, Inc.",282.37M,1.61%,23790,318.05M
372,GENK,"GEN Restaurant Group, Inc.",281.50M,8.27%,88810,181.01M
373,JILL,"J.Jill, Inc.",280.23M,0.30%,96057,602.87M
374,IRBT,iRobot Corporation,279.37M,6.96%,6591692,890.58M
375,NATH,"Nathan's Famous, Inc.",279.22M,0.22%,12102,137.03M
376,SGC,"Superior Group of Companies, Inc.",277.38M,3.11%,210390,543.30M
377,NAAS,NaaS Technology Inc.,275.57M,-0.91%,1234981,-
378,LE,"Lands' End, Inc.",270.43M,-0.12%,208179,1.49B
379,SFIX,"Stitch Fix, Inc.",270.39M,0.90%,1686773,1.47B
380,ZUMZ,Zumiez Inc.,269.73M,-7.67%,767688,875.49M
381,LOCO,"El Pollo Loco Holdings, Inc.",266.84M,1.43%,265930,468.66M
382,YSG,Yatsen Holding Limited,263.88M,-12.87%,13109419,481.63M
383,JAKK,"JAKKS Pacific, Inc.",262.29M,1.97%,111026,711.56M
384,AEVA,"Aeva Technologies, Inc.",261.90M,1.87%,1499398,4.31M
385,CTRN,"Citi Trends, Inc.",259.83M,-1.81%,94384,742.22M
386,CLAR,Clarus Corporation,258.48M,1.96%,462335,286.02M
387,BRLT,"Brilliant Earth Group, Inc.",255.34M,3.95%,204535,441.67M
388,HOFT,Hooker Furnishings Corporation,253.35M,2.90%,66246,467.75M
389,CPS,Cooper-Standard Holdings Inc.,243.86M,-0.07%,330882,2.82B
390,BARK,"BARK, Inc.",242.74M,10.48%,1744755,494.72M
391,JZXN,"Jiuzi Holdings, Inc.",242.47M,0.49%,93837,3.03M
392,INSE,"Inspired Entertainment, Inc.",239.38M,0.55%,134591,318.40M
393,KFS,Kingsway Financial Services Inc.,236.78M,0.48%,63268,125.94M
394,DIBS,"1stdibs.Com, Inc.",234.50M,-2.48%,117173,84.68M
395,LANV,Lanvin Group Holdings Limited,229.90M,-12.72%,31094,478.19M
396,DXLG,"Destination XL Group, Inc.",225.68M,0.81%,365724,528.55M
397,INVZ,Innoviz Technologies Ltd.,217.25M,0.77%,1377268,20.88M
398,LCUT,"Lifetime Brands, Inc.",216.99M,1.22%,172774,686.68M
399,THCH,TH International Limited,207.94M,-9.09%,389922,204.41M
400,TDUP,ThredUp Inc.,207.87M,2.14%,506104,322.02M
401,TLYS,"Tilly's, Inc.",207.72M,-3.75%,259326,630.41M
402,CVGI,"Commercial Vehicle Group, Inc.",207.64M,1.65%,261763,994.68M
403,CANG,Cango Inc.,202.13M,-1.96%,60421,240.04M
404,KNDI,"Kandi Technologies Group, Inc.",201.30M,-4.17%,217257,123.60M
405,VRA,"Vera Bradley, Inc.",197.60M,-,489028,484.61M
406,MOND,"Mondee Holdings, Inc.",189.77M,-3.49%,269927,200.95M
407,CBD,Companhia Brasileira de Distribuição,188.33M,-4.23%,154319,3.27B
408,RMBL,"RumbleON, Inc.",185.14M,5.60%,960262,1.38B
409,ESCA,"Escalade, Incorporated",184.49M,-0.59%,42069,270.20M
410,RCKY,"Rocky Brands, Inc.",182.12M,-3.23%,48651,461.83M
411,HYZN,Hyzon Motors Inc.,180.49M,2.08%,747804,787.00K
412,WW,"WW International, Inc.",179.00M,20.86%,18854970,889.55M
413,EM,Smart Share Global Limited,175.40M,-2.16%,359888,421.96M
414,FLXS,"Flexsteel Industries, Inc.",175.11M,-1.08%,48403,399.58M
415,BZUN,Baozun Inc.,170.99M,1.80%,599407,1.18B
416,PRPL,"Purple Innovation, Inc.",166.93M,4.00%,1302253,510.54M
417,FLL,"Full House Resorts, Inc.",166.71M,3.66%,164900,241.06M
418,VIRC,Virco Mfg. Corporation,163.96M,3.19%,103520,265.30M
419,PLCE,"The Children's Place, Inc.",162.33M,-0.80%,630580,1.60B
420,DLTH,Duluth Holdings Inc.,161.91M,2.63%,156225,642.83M
421,PNST,Pinstripes Holdings Inc.,160.75M,11.08%,336764,82.53M
422,MPAA,"Motorcar Parts of America, Inc.",152.78M,-2.51%,64025,722.93M
423,ALLG,Allego N.V.,151.53M,-17.59%,1377321,167.77M
424,WISH,ContextLogic Inc.,148.58M,-0.49%,1012570,287.00M
425,NIU,Niu Technologies,138.02M,-5.32%,2147487,383.13M
426,DTC,"Solo Brands, Inc.",135.97M,10.38%,1271187,494.78M
427,CATO,The Cato Corporation,128.86M,-1.26%,92739,712.23M
428,BSET,"Bassett Furniture Industries, Incorporated",128.73M,-1.55%,55359,390.14M
429,STKS,"The ONE Group Hospitality, Inc.",124.20M,12.15%,572554,332.77M
430,GRWG,GrowGeneration Corp.,123.01M,4.99%,1205720,225.88M
431,FAT,FAT Brands Inc.,122.65M,1.25%,17363,480.46M
432,FATBB,FAT Brands Inc.,122.65M,-4.00%,648,480.46M
433,SPWH,"Sportsman's Warehouse Holdings, Inc.",118.22M,3.95%,822520,1.30B
434,ELA,Envela Corporation,118.01M,2.31%,30229,182.39M
435,LAKE,"Lakeland Industries, Inc.",117.84M,3.16%,14006,122.45M
436,BIRD,"Allbirds, Inc.",113.30M,-4.42%,2280668,254.07M
437,GOEV,Canoo Inc.,110.46M,48.09%,29233439,519.00K
438,AKA,a.k.a. Brands Holding Corp.,109.00M,15.33%,14645,546.26M
439,AOUT,"American Outdoor Brands, Inc.",108.31M,-2.41%,91517,197.00M
440,CPHC,Canterbury Park Holding Corporation,106.85M,-2.23%,5133,61.44M
441,UFI,"Unifi, Inc.",103.14M,-1.56%,47238,583.56M
442,FTEL,Fitell Corporation,102.98M,-1.10%,596581,3.87M
443,FSR,Fisker Inc.,102.92M,12.78%,347757270,73.13M
444,CAAS,"China Automotive Systems, Inc.",102.63M,3.66%,23233,545.98M
445,WPRT,Westport Fuel Systems Inc.,102.53M,-0.50%,17659,322.66M
446,PRTS,"CarParts.com, Inc.",101.88M,4.05%,1001567,675.73M
447,RRGB,"Red Robin Gourmet Burgers, Inc.",100.09M,0.63%,526384,1.30B
448,TOUR,Tuniu Corporation,98.92M,-,256817,62.24M
449,CNTY,"Century Casinos, Inc.",95.03M,1.95%,230021,550.21M
450,YTRA,"Yatra Online, Inc.",94.35M,-5.77%,587639,52.41M
451,STRT,Strattec Security Corporation,91.52M,-2.60%,9751,513.34M
452,KEQU,Kewaunee Scientific Corporation,90.57M,0.96%,10678,201.04M
453,CREV,Carbon Revolution Public Limited,88.96M,8.58%,5486,17.46M
454,LITB,"LightInTheBox Holding Co., Ltd.",88.08M,-0.65%,233837,650.29M
455,WKHS,Workhorse Group Inc.,83.74M,5.77%,14348881,13.09M
456,LIVE,Live Ventures Incorporated,83.67M,-3.36%,4766,403.78M
457,LUXH,LuxUrban Hotels Inc.,81.78M,-4.35%,247363,98.83M
458,NDLS,Noodles & Company,80.98M,-,745277,503.41M
459,BGFV,Big 5 Sporting Goods Corporation,80.11M,-0.28%,1339137,884.75M
460,SUP,"Superior Industries International, Inc.",78.94M,-2.09%,76256,1.39B
461,CJET,"Chijet Motor Company, Inc.",78.72M,49.07%,1079235,17.58M
462,CONN,"Conn's, Inc.",78.56M,-1.84%,1427818,1.21B
463,SLNA,Selina Hospitality PLC,77.95M,-6.19%,230233,-
464,NHTC,Natural Health Trends Corp.,75.90M,3.78%,20612,43.92M
465,GORV,Lazydays Holdings Inc,74.91M,-3.60%,126295,1.08B
466,TUP,Tupperware Brands Corporation,69.87M,2.72%,1955089,1.30B
467,NTZ,Natuzzi S.p.A.,68.84M,-1.57%,273,498.39M
468,LVLU,"Lulu's Fashion Lounge Holdings, Inc.",65.00M,-1.85%,16139,355.18M
469,BGI,Birks Group Inc.,63.31M,-0.29%,3065,170.73M
470,SOND,Sonder Holdings Inc.,60.86M,-6.78%,47063,573.81M
471,REE,REE Automotive Ltd.,60.63M,-0.71%,6191,943.00K
472,PLBY,"PLBY Group, Inc.",58.66M,3.53%,1227812,188.34M
473,GAN,GAN Limited,57.74M,-,407986,129.42M
474,PMNT,Perfect Moment Ltd.,56.55M,-4.47%,4468,27.03M
475,CRWS,"Crown Crafts, Inc.",55.30M,0.37%,23483,86.67M
476,JL,J-Long Group Limited,54.64M,1.75%,883186,38.29M
477,CULP,"Culp, Inc.",54.62M,-5.60%,22849,237.23M
478,TCS,"The Container Store Group, Inc.",54.19M,-2.78%,3195656,901.46M
479,GP,GreenPower Motor Company Inc.,52.61M,0.98%,6422,49.53M
480,LL,"LL Flooring Holdings, Inc.",50.08M,-3.31%,916495,904.75M
481,ARKR,Ark Restaurants Corp.,49.45M,-1.22%,6494,184.84M
482,INTG,The InterGroup Corporation,48.38M,-10.79%,13142,57.18M
483,NCNC,noco-noco Inc.,47.23M,2.68%,293102,-
484,BDL,"Flanigan's Enterprises, Inc.",45.74M,-1.72%,4339,177.68M
485,FOSL,"Fossil Group, Inc.",45.67M,7.41%,4134960,1.41B
486,HOUR,"Hour Loop, Inc.",44.55M,-5.22%,490,123.86M
487,VNCE,Vince Holding Corp.,42.88M,2.39%,8412,308.89M
488,CENN,Cenntro Electric Group Limited,42.62M,-2.10%,93857,-
489,VIOT,"Viomi Technology Co., Ltd",42.45M,2.34%,24561,400.66M
490,SYPR,"Sypris Solutions, Inc.",40.87M,4.00%,8772,131.20M
491,TLF,"Tandy Leather Factory, Inc.",38.22M,1.79%,4496,77.75M
492,LGCB,Linkage Global Inc,38.06M,-1.12%,8843,22.03M
493,MULN,"Mullen Automotive, Inc.",36.04M,-3.85%,623530,366.00K
494,JRSH,"Jerash Holdings (US), Inc.",35.65M,-1.69%,12724,119.39M
495,YHGJ,Yunhong Green CTI Ltd.,35.17M,8.64%,34384,16.60M
496,VEV,Vicinity Motor Corp.,34.40M,-4.73%,14585,11.85M
497,BNED,"Barnes & Noble Education, Inc.",33.11M,1.93%,862397,1.55B
498,ATER,"Aterian, Inc.",31.90M,4.89%,758185,164.71M
499,KIRK,"Kirkland's, Inc.",31.79M,-3.15%,309498,465.22M
500,EVTV,"Envirotech Vehicles, Inc.",31.72M,-9.09%,21948,4.64M
501,MI,NFT Ltd.,31.35M,-2.18%,381973,4.68M
502,GTIM,Good Times Restaurants Inc.,29.77M,-0.75%,29019,137.86M
503,MRM,MEDIROM Healthcare Technologies Inc.,29.30M,3.27%,3438,49.82M
504,ECDA,ECD Automotive Design Inc,27.80M,5.89%,100228,19.90M
505,SOLO,Electrameccanica Vehicles Corp.,26.99M,2.22%,414211,608.43K
506,PEV,Phoenix Motor Inc.,26.94M,-7.95%,150654,4.98M
507,RENT,"Rent the Runway, Inc.",26.34M,1.36%,604401,297.80M
508,RAVE,"RAVE Restaurant Group, Inc.",25.82M,-,42849,11.90M
509,NCL,Northann Corp.,24.37M,0.65%,116356,10.59M
510,VRM,"Vroom, Inc.",23.33M,-13.39%,593182,893.20M
511,GDHG,Golden Heaven Group Holdings Ltd.,23.29M,-1.59%,1223463,31.79M
512,WBUY,WEBUY GLOBAL LTD.,21.48M,6.49%,92380,44.56M
513,DLA,"Delta Apparel, Inc.",20.10M,-3.72%,25108,387.99M
514,CHSN,Chanson International Holding,19.82M,-,49135,13.54M
515,DOGZ,Dogness (International) Corporation,19.35M,11.69%,951097,17.58M
516,CTNT,Cheetah Net Supply Chain Service Inc.,19.35M,-5.29%,22659,42.11M
517,IPW,iPower Inc.,18.52M,-4.93%,5603,86.93M
518,MGIH,Millennium Group International Holdings Limited,17.89M,0.63%,22894,45.60M
519,RGS,Regis Corporation,17.78M,-2.50%,22101,215.91M
520,BFI,"BurgerFi International, Inc.",16.25M,-2.20%,55828,173.87M
521,HWH,HWH International Inc.,16.03M,-10.99%,22839,-
522,MOGU,MOGU Inc.,15.61M,1.11%,467,27.58M
523,FRSX,Foresight Autonomous Holdings Ltd.,15.48M,-3.81%,33058,458.00K
524,WKSP,Worksport Ltd.,15.04M,-8.63%,543542,729.32K
525,ZAPP,Zapp Electric Vehicles Group Limited,14.97M,8.42%,16791,-
526,ISPO,Inspirato Incorporated,14.85M,-3.35%,2186,329.10M
527,XELB,"Xcel Brands, Inc.",14.82M,-23.93%,285878,19.53M
528,DSS,"DSS, Inc.",13.75M,1.03%,8827,34.72M
529,FGI,FGI Industries Ltd.,13.40M,-2.08%,3678,118.08M
530,YJ,Yunji Inc.,13.32M,-5.44%,6202,107.26M
531,JEWL,Adamas One Corp.,11.84M,-5.36%,300597,1.82M
532,VEEE,Twin Vee Powercats Co.,11.42M,5.26%,6176,33.85M
533,LTRY,Lottery.com Inc.,11.28M,-4.58%,10069,2.11M
534,VLCN,"Volcon, Inc.",11.10M,5.68%,2977214,2.93M
535,BTBD,"BT Brands, Inc.",10.74M,3.61%,662,14.06M
536,CTHR,"Charles & Colvard, Ltd.",10.50M,-3.35%,98289,25.06M
537,CZOO,Cazoo Group Ltd,10.37M,-5.78%,19712,1.37B
538,SRM,"SRM Entertainment, Inc.",10.11M,-1.83%,18995,6.07M
539,UXIN,Uxin Limited,9.94M,2.93%,18949,200.74M
540,JOAN,JOANN Inc.,9.66M,11.68%,1726520,2.16B
541,DXYN,"The Dixie Group, Inc.",9.61M,7.29%,211305,280.21M
542,EZGO,EZGO Technologies Ltd.,9.22M,-1.83%,658528,15.92M
543,SPGC,"Sacks Parente Golf, Inc.",9.20M,3.11%,13334,240.00K
544,PIK,Kidpik Corp.,8.40M,2.79%,115191,15.61M
545,AYRO,"Ayro, Inc.",8.07M,-1.79%,19679,949.93K
546,JXJT,JX Luxventure Limited,7.82M,1.60%,24990,49.91M
547,XWEL,"XWELL, Inc.",7.77M,0.54%,28535,30.26M
548,VMAR,Vision Marine Technologies Inc.,7.56M,3.02%,86319,3.80M
549,FRZA,"Forza X1, Inc.",7.31M,3.32%,17906,18.56K
550,LIDR,"AEye, Inc.",7.21M,-1.71%,116942,2.49M
551,EFOI,"Energy Focus, Inc.",7.09M,-5.78%,13055,3.99M
552,OCG,Oriental Culture Holding LTD,5.99M,2.17%,8197,1.57M
553,EGOX,Next.e.GO N.V.,5.47M,-10.15%,6895994,-
554,KXIN,Kaixin Auto Holdings,5.14M,0.36%,173946,68.40M
555,CNXA,Connexa Sports Technologies Inc.,5.05M,2.89%,1542617,9.78M
556,YOSH,Yoshiharu Global Co.,4.99M,-2.89%,3969,9.25M
557,TRNR,Interactive Strength Inc.,4.85M,9.39%,206206,973.00K
558,FORD,"Forward Industries, Inc.",4.63M,-23.41%,91450,33.03M
559,FUV,"Arcimoto, Inc.",4.55M,-2.45%,53228,6.61M
560,SBET,SharpLink Gaming Ltd.,4.23M,0.75%,593,-
561,FFIE,Faraday Future Intelligent Electric Inc.,4.13M,-9.18%,9918085,551.00K
562,EJH,E-Home Household Service Holdings Limited,4.09M,-0.72%,116796,68.32M
563,OCTO,Eightco Holdings Inc.,3.86M,21.44%,453152,75.82M
564,WNW,Meiwu Technology Company Limited,3.45M,-,64416,30.30M
565,UCAR,U Power Limited,3.43M,17.60%,42494095,752.51K
566,DBGI,"Digital Brands Group, Inc.",3.39M,-1.54%,65480,12.41M
567,NVVE,Nuvve Holding Corp.,3.32M,-1.22%,117404,7.83M
568,SECO,Secoo Holding Limited,3.21M,5.04%,615059,413.47M
569,JWEL,Jowell Global Ltd.,2.99M,-9.68%,11208,193.98M
570,NVFY,"Nova LifeStyle, Inc.",2.52M,-0.65%,2329,11.06M
571,REBN,"Reborn Coffee, Inc.",2.52M,-3.81%,79568,5.02M
572,IVP,"Inspire Veterinary Partners, Inc.",2.47M,-0.99%,4169857,16.07M
573,AUVI,"Applied UV, Inc.",2.02M,-1.22%,69501,37.94M
574,AREB,"American Rebel Holdings, Inc.",1.55M,1.68%,360473,15.27M
575,JFBR,Jeffs' Brands Ltd,1.25M,3.46%,1046269,7.39M
576,BQ,Boqii Holding Limited,1.15M,2.04%,35438,122.67M
